Stream,Reach,Date,Time,Left etrex,Left point,Right etrex,Right point,ID,Type,Shoreline Person,Notes
1,3,8/14,13:49,Blue UMass,105,Orange UNC,100,Waypoint,CS,,
1,3,8/14,,Blue UMass,106,Orange UNC,101,Waypoint,CS,,"change in slope, rocky"
1,3,8/14,,Blue UMass,107,Orange UNC,102,Waypoint,CS,,"still high slope, less rocky, tiny waterfalls"
1,3,8/14,,Blue UMass,108,Orange UNC,103,Waypoint,CS,,grass lumps
1,3,8/14,,Blue UMass,109,Orange UNC,104,Waypoint,BS,,start of bead
1,3,8/14,,Blue UMass,110,Orange UNC,105,Waypoint,BE,,end of bead
1,3,8/14,,Blue UMass,111,Orange UNC,106,Waypoint,BS,,
1,3,8/14,,Blue UMass,112,Orange UNC,107,Waypoint,BE,,
1,3,8/14,,Blue UMass,113,Orange UNC,108,Waypoint,BS,,
1,3,8/14,,Blue UMass,114,Orange UNC,109,Waypoint,BE,,
1,3,8/14,,Blue UMass,115,Orange UNC,110,Waypoint,BS,,
1,3,8/14,,Blue UMass,116,Orange UNC,111,Waypoint,BE,,
1,3,8/14,,Blue UMass,117,Orange UNC,112,Waypoint,BS,,
1,3,8/14,,Blue UMass,118,Orange UNC,113,Waypoint,BE,,
1,3,8/14,,Blue UMass,119,Orange UNC,114,Waypoint,BS,,
1,3,8/14,,Blue UMass,120,Orange UNC,115,Waypoint,BE,,
1,3,8/14,14:11:00,Blue UMass,14:11:34,Orange UNC,14:11:37,Track,,,
1,2,8/14,17:06:00,UNC,,Blue UMass,,Waypoint,,,
8,2,8/15/21,,UNC,152,Blue UMass,161,Waypoint,BS,,
8,2,8/15/21,,UNC,153,Blue UMass,162,Waypoint,BE,,
8,2,8/15/21,,UNC,154,Blue UMass,163,Waypoint,BS,,
8,2,8/15,,UNC,155,Blue UMass,164,Waypoint,BE,,Couldn't accurately follow chutes on foot. gnarly multi-channel through shrubs. Beads are good.
8,2,8/15,,UNC,156,Blue UMass,165,Waypoint,BS,,
8,2,8/15,,UNC,157,Blue UMass,167,Waypoint,BE,,
8,2,8/15,,UNC,158,Blue UMass,168,Waypoint,BS,,
8,2,8/15,,UNC,159,Blue UMass,169,Waypoint,BE,,
8,2,8/15,,UNC,160,Blue UMass,170,Waypoint,BS,,
8,2,8/15,,UNC,161,Blue UMass,171,Waypoint,BE,,
8,2,8/15,,UNC,162,Blue UMass,172,Waypoint,CS,,"Not really a bead, but too wide, slow, and long between beads to say it's a chute."
8,2,8/15,,UNC,163,Blue UMass,173,Waypoint,BS,,
8,2,8/15,,UNC,164,Blue UMass,174,Waypoint,BE,,"Not a definite chute at the end, looks more alluvial for the next 30m until it goes around a bend."
8,2,8/15,,UNC,15:45:39,Blue UMass,15:45:22,Track,,,
3,1,8/16,13:45,Blue UMass,188,Orange UMass,1289,Waypoint,CE,"TL, BB",
3,1,8/16,,Blue UMass,189,Orange UMass,1290,Waypoint,BE,"TL, BB","very irregular- pool to the side of the chute, not in line."
3,1,8/16,,Blue UMass,191,Orange UMass,1291,Waypoint,BS,"TL, BB",Vegetated bar in long chute to bead
3,1,8/16/21,,Blue UMass,192,Orange UMass,1292,Waypoint,BE,"TL, BB",
3,1,8/16,,Blue UMass,193,Orange UMass,1293,Waypoint,BS,"TL, BB",1m waterfall
3,1,8/16,,Blue UMass,194,Orange UMass,1294,Waypoint,BE,"TL, BB",
3,1,8/16/21,,Blue UMass,195,Orange UMass,1295,Waypoint,BS,"TL, BB",
3,1,8/16/21,,Blue UMass,196,Orange UMass,1296,Waypoint,BE,"TL, BB",
3,1,8/16/21,,Blue UMass,197,Orange UMass,1297,Waypoint,BS,"TL, BB",big pool 10m wide
3,1,8/16/21,,Blue UMass,198,Orange UMass,1298,Waypoint,BE,"TL, BB",
3,1,8/16/21,,Blue UMass,199,Orange UMass,1299,Waypoint,BS,"TL, BB",
3,1,8/16/21,,Blue UMass,200,Orange UMass,1300,Waypoint,BE,"TL, BB",small 6m round
3,1,8/16/21,,Blue UMass,201,Orange UMass,1301,Waypoint,BS,"TL, BB",
3,1,8/16/21,,Blue UMass,202,Orange UMass,1302,Waypoint,BE,"TL, BB",might be more of a wide chute? high slope
3,1,8/16/21,,Blue UMass,203,Orange UMass,,Waypoint,,"TL, BB",Brady left the bank to walk around a tributary from 203 to 204
3,1,8/16/21,,Blue UMass,204,Orange UMass,,Waypoint,,"TL, BB",
3,1,8/16/21,,Blue UMass,205,Orange UMass,1303,Waypoint,BS,"TL, BB",Long chute between 1303 and 1304
3,1,8/16/21,,Blue UMass,206,Orange UMass,1304,Waypoint,BE,"TL, BB",
3,1,8/16/2021,,Blue UMass,207,Orange UMass,1305,Waypoint,BS,"TL, BB",Looks like 100+m of chute upstream
3,1,8/16/2021,16:01,Blue UMass,2021-08-16 16:01:22,Orange UMass,2021-08-16 16:02:45,Track,,"TL, BB",
3,2,8/16/2021,11:41,Blue UMass,176,UNC,168,Waypoint,Start of track,"MH, BB",
3,2,8/16/2021,,Blue UMass,177,UNC,169,Waypoint,BS,"MH, BB",Could be wide channel
3,2,8/16/2021,,Blue UMass,178,UNC,170,Waypoint,,"MH, BB",Island
3,2,8/16/2021,,Blue UMass,179,UNC,171,Waypoint,BE,"MH, BB",Waterfall
3,2,8/16/2021,,Blue UMass,180,UNC,172,Waypoint,BS,"MH, BB",
3,2,8/16/2021,,Blue UMass,181,UNC,173,Waypoint,BE,"MH, BB",181 marked twice in the field notes.
3,2,8/16/2021,,Blue UMass,181,UNC,174,Waypoint,BS,"MH, BB",Ambiguous bead
3,2,8/16/2021,,Blue UMass,182,UNC,175,Waypoint,BE,"MH, BB",
3,2,8/16/2021,,Blue UMass,183,UNC,176,Waypoint,BS,"MH, BB",
3,2,8/16/2021,,Blue UMass,184,UNC,177,Waypoint,BE,"MH, BB",Small beads in channel
3,2,8/16/2021,,Blue UMass,185,UNC,178,Waypoint,BS,"MH, BB",
3,2,8/16/2021,,Blue UMass,186,UNC,179,Waypoint,BE,"MH, BB",
3,2,8/16/2021,11:58,Blue UMass,11:57:59,UNC,11:57:46,Track,,"MH, BB",
2,1,8/11/2021,12:56,Blue UMass,27,Orange UMass,1212,Waypoint,BS,"MH, TL",
2,1,8/11/2021,,Blue UMass,28,Orange UMass,1213,Waypoint,BE,"MH, TL",
2,1,8/11/2021,,Blue UMass,29,Orange UMass,1214,Waypoint,BS,"MH, TL",
2,1,8/11/2021,,Blue UMass,30,Orange UMass,1215,Waypoint,BE,"MH, TL",
2,1,8/11/2021,,Blue UMass,31,Orange UMass,1216,Waypoint,BS,"MH, TL",
2,1,8/11/2021,,Blue UMass,32,Orange UMass,1217,Waypoint,BE,"MH, TL",
2,1,8/11/2021,,Blue UMass,33,Orange UMass,1218,Waypoint,BS,"MH, TL",
2,1,8/11/2021,,Blue UMass,34,Orange UMass,1219,Waypoint,BE,"MH, TL",
2,1,8/11/2021,,Blue UMass,35,Orange UMass,1220,Waypoint,BS,"MH, TL",
2,1,8/11/2021,,Blue UMass,36,Orange UMass,1221,Waypoint,BE,"MH, TL",
2,1,8/11/2021,,Blue UMass,37,Orange UMass,1222,Waypoint,BS,"MH, TL",
2,1,8/11/2021,,Blue UMass,38,Orange UMass,1223,Waypoint,BE,"MH, TL",
2,1,8/11/2021,,Blue UMass,39,Orange UMass,1224,Waypoint,BS,"MH, TL",
2,1,8/11/2021,13:10,Blue UMass,13:10:37,Orange UMass,13:10:48,Track,,"MH, TL",
2,2,8/11/2021,15:28,Blue UMass,42,UNC,47,Waypoint,start of track,"MH, TL",
2,2,8/11/2021,,Blue UMass,43,UNC,48,Waypoint,BE,"MH, TL",
2,2,8/11/2021,,Blue UMass,44,UNC,49,Waypoint,BS,"MH, TL",
2,2,8/11/2021,,Blue UMass,45,UNC,50,Waypoint,BE,"MH, TL",
2,2,8/11/21,,Blue UMass,46,UNC,51,Waypoint,BS,"MH, TL",
2,2,8/11/21,,Blue UMass,47,UNC,52,Waypoint,BE,"MH, TL",
2,2,8/11/21,,Blue UMass,48,UNC,53,Waypoint,BS,"MH, TL",
2,2,8/11/21,,Blue UMass,49,UNC,54,Waypoint,BE,"MH, TL",
2,2,8/11/21,,Blue UMass,50,UNC,55,Waypoint,,"MH, TL",veg/grass
2,2,8/11/21,,Blue UMass,51,UNC,56,Waypoint,end of track,"MH, TL",alluvial/bead
2,2,8/11/21,15:44,Blue UMass,15:44:21,UNC,15:44:24,Track,,"MH, TL",
1,1,8/12/21,15:00,Blue UMass,55,Orange UMass,1245,Waypoint,start of track,"MH, LA",
1,1,8/12/21,,Blue UMass,56,Orange UMass,1246,Waypoint,BS,"MH, LA",
1,1,8/12/21,,Blue UMass,57,Orange UMass,1247,Waypoint,BE,"MH, LA",
1,1,8/12/21,,Blue UMass,58,Orange UMass,1248,Waypoint,BS,"MH, LA",
1,1,8/12/21,,Blue UMass,59,Orange UMass,1249,Waypoint,BE,"MH, LA",multichannel chute w/ island
1,1,8/12/21,,Blue UMass,60,Orange UMass,1250,Waypoint,,"MH, LA",single channel chute rocky bottom
1,1,8/12/21,,Blue UMass,61,Orange UMass,1251,Waypoint,BS,"MH, LA",
1,1,8/12/21,,Blue UMass,62,Orange UMass,1252,Waypoint,BE,"MH, LA",end of small bead into chute
1,1,8/12/21,,Blue UMass,63,Orange UMass,1253,Waypoint,BS,"MH, LA",end of chute start bead
1,1,8/12/21,,Blue UMass,64,Orange UMass,1254,Waypoint,BE,"MH, LA",
1,1,8/12/21,15:17,Blue UMass,15:17:19,Orange UMass,15:17:24,Track,,"MH, LA",
5,1,8/13/21,13:36,UNC,73,Orange Umass,1257,Waypoint,BS,"BB, TL",
5,1,8/13/21,,UNC,74,Orange Umass,1258,Waypoint,BE,"BB, TL",
5,1,8/13/21,,UNC,75,Orange Umass,1259,Waypoint,BS,"BB, TL",
5,1,8/13/21,,UNC,76,Orange Umass,1260,Waypoint,BE,"BB, TL",
5,1,8/13/21,,UNC,77,Orange Umass,1261,Waypoint,BS,"BB, TL",
5,1,8/13/21,,UNC,78,Orange Umass,1262,Waypoint,BE,"BB, TL",
5,1,8/13/21,,UNC,79,Orange Umass,1263,Waypoint,BS,"BB, TL",
5,1,8/13/21,,UNC,80,Orange Umass,1264,Waypoint,BE,"BB, TL",
5,1,8/13/21,,UNC,81,Orange Umass,1265,Waypoint,BS,"BB, TL",
5,1,8/13/21,,UNC,82,Orange Umass,1266,Waypoint,BE,"BB, TL",
5,1,8/13/21,,UNC,83,Orange Umass,1267,Waypoint,BS,"BB, TL",
5,1,8/13/21,,UNC,84,Orange Umass,1268,Waypoint,BE,"BB, TL",
5,1,8/13/21,13:50,UNC,13:50,Orange Umass,,Track,,"BB, TL",
5,2,8/13/21,16:45,UNC,89,Blue UMass,89,Waypoint,start of track,"MH, BB",
5,2,8/13/21,,UNC,90,Blue UMass,90,Waypoint,BS,"MH, BB",
5,2,8/13/21,,UNC,91,Blue UMass,91,Waypoint,BE,"MH, BB",
5,2,8/13/21,,UNC,92,Blue UMass,92,Waypoint,,"MH, BB",2 channels with islands
5,2,8/13/21,,UNC,93,Blue UMass,93,Waypoint,BS,"MH, BB",baby pool
5,2,8/13/21,,UNC,94,Blue UMass,94,Waypoint,BE,"MH, BB",
5,2,8/13/21,,UNC,94,Blue UMass,94,Waypoint,BS,"MH, BB",
5,2,8/13/21,,UNC,95,Blue UMass,95,Waypoint,BE,"MH, BB",
5,2,8/13/21,,UNC,96,Blue UMass,96,Waypoint,,"MH, BB",veg/multi channels
5,2,8/13/21,,UNC,97,Blue UMass,97,Waypoint,,"MH, BB",veg/multi channels
5,2,8/13/21,,UNC,98,Blue UMass,,Waypoint,end of track,"MH, BB",
5,2,8/13/21,17:03,UNC,17:02:53,Track,17:02:35,Track,,"MH, BB",
5,3,8/13/21,16:15,Blue UMass,101,Blue UMass,99,Waypoint,BE,MH,start of track/bead end on right
5,3,8/13/21,,Blue UMass,102,Blue UMass,100,Waypoint,,MH,merges w/ stream
5,3,8/13/21,,Blue UMass,21:36:50,Blue UMass,18:04:40,Track,,MH,need to cut shoreline from longer track
3,3,8/18/21,11:05,Blue UMass,208,Orange UMass,1311,Waypoint,start track,"MH, FK",
3,3,8/18/21,,Blue UMass,209,Orange UMass,1312,Waypoint,channel,"MH, FK",
3,3,8/18/21,,Blue UMass,210,Orange UMass,1313,Waypoint,BS,"MH, FK",
3,3,8/18/21,,Blue UMass,211,Orange UMass,1314,Waypoint,BS,"MH, FK",
3,3,8/18/21,,Blue UMass,212,Orange UMass,1315,Waypoint,BS,"MH, FK",
3,3,8/18/21,,Blue UMass,213,Orange UMass,1316,Waypoint,BE,"MH, FK",
3,3,8/18/21,,Blue UMass,214,Orange UMass,1317,Waypoint,BS,"MH, FK",
3,3,8/18/21,,Blue UMass,215,Orange UMass,1318,Waypoint,BE,"MH, FK",
3,3,8/18/21,,Blue UMass,216,Orange UMass,1319,Waypoint,BS,"MH, FK",
3,3,8/18/21,,Blue UMass,217,Orange UMass,1320,Waypoint,BE,"MH, FK",
3,3,8/18/21,,Blue UMass,218,Orange UMass,1321,Waypoint,BE,"MH, FK",
3,3,8/18/21,,Blue UMass,219,Orange UMass,1322,Waypoint,BS,"MH, FK",multichannel
3,3,8/18/21,,Blue UMass,220,Orange UMass,1323,Waypoint,BE,"MH, FK",
3,3,8/18/21,,Blue UMass,221,Orange UMass,1324,Waypoint,BS,"MH, FK",small bead /wide channel
3,3,8/18/21,,Blue UMass,222,Orange UMass,1325,Waypoint,BE,"MH, FK",
3,3,8/18/21,,Blue UMass,223,Orange UMass,1326,Waypoint,BS,"MH, FK",
3,3,8/18/21,,Blue UMass,224,Orange UMass,1327,Waypoint,BE,"MH, FK",ambiguous bead
3,3,8/18/21,,Blue UMass,225,Orange UMass,1328,Waypoint,end of track,"MH, FK",channel from here on out
3,3,8/18/21,,Blue UMass,,Orange UMass,11:27:10,Track,11:27,,
4,3,8/19/21,13:23,Orange UMass,1332,UNC,180,Waypoint,start of track,"MH, AJ",downstream to upstream
4,3,8/19/21,,Orange UMass,1333,UNC,181,Waypoint,BS,"MH, AJ",
4,3,8/19/21,,Orange UMass,1334,UNC,182,Waypoint,BE,"MH, AJ",
4,3,8/19/21,,Orange UMass,1335,UNC,183,Waypoint,,"MH, AJ",grass islands to alluvial
4,3,8/19/21,,Orange UMass,1336,UNC,184,Waypoint,BS,"MH, AJ",
4,3,8/19/21,,Orange UMass,1337,UNC,185,Waypoint,BE,"MH, AJ",
4,3,8/19/21,,Orange UMass,1338,UNC,186,Waypoint,end of track,"MH, AJ",
4,3,8/19/21,,Orange UMass,,UNC,,Track,,"MH, AJ",
4,2,8/19/21,16:03,Orange UMass,1343,UNC,187,Waypoint,start of track,"MH, FK",
4,2,8/19/21,,Orange UMass,1344,UNC,188,Waypoint,BS,,
4,2,8/19/21,,Orange UMass,1345,UNC,189,Waypoint,BE,,
4,2,8/19/21,,Orange UMass,1346,UNC,190,Waypoint,,,start of wide alluvial
4,2,8/19/21,,Orange UMass,1347,UNC,191,Waypoint,BS,,
4,2,8/19/21,,Orange UMass,1348,UNC,192,Waypoint,BE,,
4,2,8/19/21,,Orange UMass,1349,UNC,193,Waypoint,BS,,
4,2,8/19/21,,Orange UMass,1350,UNC,194,Waypoint,BE,,
4,2,8/19/21,,Orange UMass,1351,UNC,195,Waypoint,BS,,
4,2,8/19/21,,Orange UMass,1352,UNC,196,Waypoint,BE,,
4,2,8/19/21,,Orange UMass,1353,UNC,197,Waypoint,BS,,wide alluvial?
4,2,8/19/21,,Orange UMass,1354,UNC,198,Waypoint,BE,,
4,2,8/19/21,,Orange UMass,1355,UNC,199,Waypoint,BS,,wide alluvial
4,2,8/19/21,,Orange UMass,1356,UNC,200,Waypoint,BE,,
4,2,8/19/21,,Orange UMass,1357,UNC,201,Waypoint,BS,,
4,2,8/19/21,,Orange UMass,1358,UNC,202,Waypoint,BE,,
4,2,8/19/21,,Orange UMass,1359,UNC,203,Waypoint,end of track,,
4,2,8/19/21,16:53,Orange UMass,16:53:31,UNC,,Track,,,
4,1,8/19/21,18:02,Orange UMass,1360,UNC,204,Waypoint,start of track,,
4,1,8/19/21,,Orange UMass,1361,UNC,205,Waypoint,,,not bead but wider into waterfall
4,1,8/19/21,,Orange UMass,1362,UNC,206,Waypoint,,,end of wider steep section
4,1,8/19/21,,Orange UMass,1363,UNC,207,Waypoint,,,splits into two channels
4,1,8/19/21,,Orange UMass,1364,UNC,208,Waypoint,,,end of split
4,1,8/19/21,,Orange UMass,1365,UNC,209,Waypoint,,,start of wider section
4,1,8/19/21,,Orange UMass,1366,UNC,210,Waypoint,,,end of wider section
4,1,8/19/21,,Orange UMass,1367,UNC,211,Waypoint,BS,,start of wider section
4,1,8/19/21,,Orange UMass,1368,UNC,212,Waypoint,BE,,
4,1,8/19/21,,Orange UMass,1369,UNC,213,Waypoint,,,intersection with other stream
4,1,8/19/21,18:11,Orange UMass,18:11:58,UNC,18:11:54,Track,,,
6,"3,2",8/21/21,11:25,Orange UMass,1371,Blue UMass,238,Waypoint,BS,"AJ,MH",Start of track
6,"3,2",8/21/21,,Orange UMass,1372,Blue UMass,239,Waypoint,BE,"AJ,MH",
6,"3,2",8/21/21,,Orange UMass,1373,Blue UMass,240,Waypoint,,"AJ,MH","Still channel, but once bead"
6,"3,2",8/21/21,,Orange UMass,1374,Blue UMass,241,Waypoint,BS,"AJ,MH",Dried out
6,"3,2",8/21/21,,Orange UMass,1375,Blue UMass,242,Waypoint,BE,"AJ,MH",Dried out
6,"3,2",8/21/21,,Orange UMass,1376,Blue UMass,243,Waypoint,BS,"AJ,MH",Dried out
6,"3,2",8/21/21,,Orange UMass,1377,Blue UMass,244,Waypoint,BE,"AJ,MH",Dried out
6,"3,2",8/21/21,,Orange UMass,1378,Blue UMass,245,Waypoint,,"AJ,MH",Wider alluvial to narrow
6,"3,2",8/21/21,,Orange UMass,1379,Blue UMass,246,Waypoint,BS,"AJ,MH",Splits into two channels
6,"3,2",8/21/21,,Orange UMass,1380,Blue UMass,247,Waypoint,BE,"AJ,MH",
6,"3,2",8/21/21,,Orange UMass,1381,Blue UMass,248,Waypoint,BS,"AJ,MH",Dried out
6,"3,2",8/21/21,,Orange UMass,1382,Blue UMass,249,Waypoint,BE,"AJ,MH",Dried out
6,"3,2",8/21/21,,Orange UMass,1383,Blue UMass,250,Waypoint,BS,"AJ,MH",
6,"3,2",8/21/21,,Orange UMass,1384,Blue UMass,251,Waypoint,BE,"AJ,MH",
6,"3,2",8/21/21,,Orange UMass,1385,Blue UMass,252,Waypoint,BS,"AJ,MH",
6,"3,2",8/21/21,,Orange UMass,1386,Blue UMass,253,Waypoint,BE,"AJ,MH",
6,"3,2",8/21/21,,Orange UMass,1387,Blue UMass,254,Waypoint,End of reach,"AJ,MH",Start of rocks
6,"3,2",8/21/21,11:46,Orange UMass,11:46,Blue UMass,11:46:21,Track,,"AJ,MH",
6,"1,2",8/21/21,17:15,Blue UMass,270,Orange UMass,1388,Waypoint,BS,"MH,BS",Start of track
6,"1,2",8/21/21,,Blue UMass,271,Orange UMass,1389,Waypoint,BE,"MH,BS",
6,"1,2",8/21/21,,Blue UMass,272,Orange UMass,1389,Waypoint,BS,"MH,BS",
6,"1,2",8/21/21,,Blue UMass,273,Orange UMass,1390,Waypoint,"BE, BS","MH,BS",Narrow
6,"1,2",8/21/21,,Blue UMass,274,Orange UMass,1391,Waypoint,"BE, BS","MH,BS",
6,"1,2",8/21/21,,Blue UMass,275,Orange UMass,1392,Waypoint,BE,"MH,BS",
6,"1,2",8/21/21,,Blue UMass,276,Orange UMass,1393,Waypoint,BS,"MH,BS",
6,"1,2",8/21/21,,Blue UMass,277,Orange UMass,1394,Waypoint,"BE,BS","MH,BS",
6,"1,2",8/21/21,,Blue UMass,278,Orange UMass,1395,Waypoint,BE,"MH,BS",Into lake
6,"1,2",8/21/21,,Blue UMass,279,Orange UMass,1396,Waypoint,,"MH,BS","End of lake, start of reach 1"
6,"1,2",8/21/21,,Blue UMass,280,Orange UMass,1397,Waypoint,end of track,"MH,BS","In stream, alluvial, standing water"
6,"1,2",8/21/21,17:29,Blue UMass,17:28:54,Orange UMass,17:29:01,Track,,"MH,BS",
7,3,8/22/21,12:33,Orange UMass,1404,Blue UMass,282,Waypoint,start of track,"MH, AJ",start of island
7,3,8/22/21,,Orange UMass,1405,Blue UMass,283,Waypoint,BS,"MH, AJ",end of island
7,3,8/22/21,,Orange UMass,1406,Blue UMass,284,Waypoint,BE,"MH, AJ",start of channel
7,3,8/22/21,,Orange UMass,1407,Blue UMass,285,Waypoint,BS,"MH, AJ",
7,3,8/22/21,,Orange UMass,1408,Blue UMass,286,Waypoint,BE,"MH, AJ",
7,3,8/22/21,,Orange UMass,1409,Blue UMass,287,Waypoint,BS,"MH, AJ",
7,3,8/22/21,,Orange UMass,1410,Blue UMass,287,Waypoint,,"MH, AJ",
7,3,8/22/21,,Orange UMass,1411,Blue UMass,288,Waypoint,BE,"MH, AJ",
7,3,8/22/21,,Orange UMass,1412,Blue UMass,289,Waypoint,BS,"MH, AJ",
7,3,8/22/21,,Orange UMass,1413,Blue UMass,290,Waypoint,BE,"MH, AJ",
7,3,8/22/21,,Orange UMass,1414,Blue UMass,291,Waypoint,BS,"MH, AJ",
7,3,8/22/21,,Orange UMass,1415,Blue UMass,292,Waypoint,BE,"MH, AJ",
7,3,8/22/21,,Orange UMass,1416,Blue UMass,293,Waypoint,BS,"MH, AJ",
7,3,8/22/21,,Orange UMass,1417,Blue UMass,294,Waypoint,BE,"MH, AJ",
7,3,8/22/21,,Orange UMass,1418,Blue UMass,295,Waypoint,BS,"MH, AJ",
7,3,8/22/21,,Orange UMass,1419,Blue UMass,296,Waypoint,BE,"MH, AJ",
7,3,8/22/21,,Orange UMass,1420,Blue UMass,297,Waypoint,BS,"MH, AJ",
7,3,8/22/21,,Orange UMass,1421,Blue UMass,298,Waypoint,BE,"MH, AJ",
7,3,8/22/21,,Orange UMass,1422,Blue UMass,299,Waypoint,,"MH, AJ",start of wider alluvial
7,3,8/22/21,,Orange UMass,1423,Blue UMass,300,Waypoint,end of track,"MH, AJ",downstream to upstream
7,3,8/22/21,13:15,Orange UMass,13:14:59,Blue UMass,13:15,Track,,"MH, AJ",
7,2,8/22/21,14:57,Orange UMass,1424,Blue UMass,301,Waypoint,start of track,"FK, BS",
7,2,8/22/21,,Orange UMass,1425,Blue UMass,302,Waypoint,,"FK, BS",curve
7,2,8/22/21,,Orange UMass,1426,Blue UMass,303,Waypoint,BS,"FK, BS",
7,2,8/22/21,,Orange UMass,1427,Blue UMass,304,Waypoint,BE,"FK, BS",
7,2,8/22/21,,Orange UMass,1428,Blue UMass,305,Waypoint,BS,"FK, BS",
7,2,8/22/21,,Orange UMass,1429,Blue UMass,306,Waypoint,BE,"FK, BS",
7,2,8/22/21,,Orange UMass,1430,Blue UMass,307,Waypoint,BS,"FK, BS",
7,2,8/22/21,,Orange UMass,1431,Blue UMass,308,Waypoint,BE,"FK, BS",
7,2,8/22/21,,Orange UMass,1432,Blue UMass,309,Waypoint,,"FK, BS",waterfall turns
7,2,8/22/21,,Orange UMass,1433,Blue UMass,310,Waypoint,BS,"FK, BS",into new stream
7,2,8/22/21,,Orange UMass,,Blue UMass,311,Waypoint,,"FK, BS",start island
7,2,8/22/21,,Orange UMass,1434,Blue UMass,312,Waypoint,BE,"FK, BS",peninsula start
7,2,8/22/21,,Orange UMass,1436,Blue UMass,313,Waypoint,,"FK, BS",
7,2,8/22/21,,Orange UMass,1436,Blue UMass,314,Waypoint,,"FK, BS",waterfall edge
7,2,8/22/21,,Orange UMass,,Blue UMass,315,Waypoint,,"FK, BS",
7,2,8/22/21,,Orange UMass,1437,Blue UMass,316,Waypoint,,"FK, BS",
7,2,8/22/21,,Orange UMass,1438,Blue UMass,317,Waypoint,,"FK, BS",
7,2,8/22/21,,Orange UMass,1439,Blue UMass,318,Waypoint,BE,"FK, BS",BE
7,2,8/22/21,15:49,Orange UMass,15:49,Blue UMass,15:49,Track,,"FK, BS",
9,3,8/23/21,12:30,Blue UMass,328,UNC,216,Waypoint,Start of track,"FK, MH",
9,3,8/23/21,,Blue UMass,329,UNC,217,Waypoint,BS,"FK, MH",
9,3,8/23/21,,Blue UMass,330,UNC,218,Waypoint,BE,"FK, MH",
9,3,8/23/21,,Blue UMass,331,UNC,219,Waypoint,BS,"FK, MH",
9,3,8/23/21,,Blue UMass,332,UNC,220,Waypoint,BE,"FK, MH",
9,3,8/23/21,,Blue UMass,333,UNC,221,Waypoint,BS,"FK, MH",
9,3,8/23/21,,Blue UMass,334,UNC,222,Waypoint,BE,"FK, MH",Start of island
9,3,8/23/21,,Blue UMass,335,UNC,223,Waypoint,,"FK, MH",end of island -> alluvial channel
9,3,8/23/21,,Blue UMass,336,UNC,224,Waypoint,BS,"FK, MH",
9,3,8/23/21,,Blue UMass,337,UNC,225,Waypoint,,"FK, MH",water flowing into stream
9,3,8/23/21,,Blue UMass,338,UNC,226,Waypoint,BE,"FK, MH",
9,3,8/23/21,,Blue UMass,339,UNC,227,Waypoint,BS,"FK, MH",
9,3,8/23/21,,Blue UMass,340,UNC,228,Waypoint,BE,"FK, MH",End of reach
9,3,8/23/21,,Blue UMass,13:07,UNC,13:07,Track,,"FK, MH",
9,2,8/23/21,15:03,Orange UMass,1440,Blue UMass,341,Waypoint,Start of track,"MH,TL",
9,2,8/23/21,,Orange UMass,1441,Blue UMass,342,Waypoint,BS,"MH,TL",
9,2,8/23/21,,Orange UMass,1442,Blue UMass,343,Waypoint,BE/BS,"MH,TL",grassy multi channel
9,2,8/23/21,,Orange UMass,1443,Blue UMass,,Waypoint,BE,"MH,TL","on LB, pool on left track only"
9,2,8/23/21,,Orange UMass,1444,Blue UMass,344,Waypoint,BS,"MH,TL",Start of wide channel
9,2,8/23/21,,Orange UMass,1445,Blue UMass,345,Waypoint,BE,"MH,TL",End of wider channel into narrow
9,2,8/23/21,,Orange UMass,1446,Blue UMass,346,Waypoint,BS,"MH,TL",
9,2,8/23/21,,Orange UMass,1447,Blue UMass,347,Waypoint,BE,"MH,TL",Channel splits into 2 then joins
9,2,8/23/21,,Orange UMass,1448,Blue UMass,348,Waypoint,BS,"MH,TL",Channel joins
9,2,8/23/21,,Orange UMass,1449,Blue UMass,349,Waypoint,BE,"MH,TL",Tiny bead
9,2,8/23/21,,Orange UMass,1450,Blue UMass,350,Waypoint,,"MH,TL",Waterfall
9,2,8/23/21,,Orange UMass,1451,Blue UMass,351,Waypoint,BS,"MH,TL",
9,2,8/23/21,,Orange UMass,1452,Blue UMass,352,Waypoint,BE,"MH,TL",Goes into two channels
9,2,8/23/21,15:30,Orange UMass,15:30:40,Blue UMass,15:30:42,Track,,"MH,TL",
11,2,8/24/21,10:40,UNC,230,Orange UMass,1454,Waypoint,Track start,"MH, MH","Rock bottom, channels and pools 1-2 ft deep"
11,2,8/24/21,,UNC,231,Orange UMass,1455,Waypoint,BE,"MH, MH",
11,2,8/24/21,,UNC,232,Orange UMass,1456,Waypoint,BS,"MH, MH",
11,2,8/24/21,,UNC,233,Orange UMass,1457,Waypoint,BE,"MH, MH",
11,2,8/24/21,,UNC,234,Orange UMass,1458,Waypoint,BS,"MH, MH",
11,2,8/24/21,,UNC,235,Orange UMass,1459,Waypoint,BE,"MH, MH",
11,2,8/24/21,,UNC,236,Orange UMass,1460,Waypoint,BS,"MH, MH",Standing water near bead
11,2,8/24/21,,UNC,237,Orange UMass,1461,Waypoint,BE,"MH, MH",Standing water on left bank
11,2,8/24/21,,UNC,238,Orange UMass,1462,Waypoint,BS,"MH, MH",grass island
11,2,8/24/21,,UNC,239,Orange UMass,1463,Waypoint,BE,"MH, MH",
11,2,8/24/21,,UNC,240,Orange UMass,1464,Waypoint,BS,"MH, MH",Standing water on left bank
11,2,8/24/21,,UNC,241,Orange UMass,1465,Waypoint,,"MH, MH",
11,2,8/24/21,,UNC,242,Orange UMass,1466,Waypoint,BE,"MH, MH",
11,2,8/24/21,,UNC,243,Orange UMass,1467,Waypoint,BS,"MH, MH",Standing water on left bank
11,2,8/24/21,,UNC,244,Orange UMass,1468,Waypoint,BE,"MH, MH",
11,2,8/24/21,,UNC,245,Orange UMass,1469,Waypoint,BS,"MH, MH",
11,2,8/24/21,,UNC,246,Orange UMass,1470,Waypoint,BE,"MH, MH",
11,2,8/24/21,,UNC,247,Orange UMass,1471,Waypoint,BS,"MH, MH",
11,2,8/24/21,,UNC,248,Orange UMass,1472,Waypoint,BE,"MH, MH",
11,2,8/24/21,,UNC,249,Orange UMass,1473,Waypoint,BS,"MH, MH",
11,2,8/24/21,,UNC,250,Orange UMass,1474,Waypoint,BE,"MH, MH","Splits into two channels, following channel on left bank"
11,2,8/24/21,,UNC,251,Orange UMass,1475,Waypoint,BS,"MH, MH",
11,2,8/24/21,,UNC,252,Orange UMass,1476,Waypoint,BE,"MH, MH",Multi channel through grass
11,2,8/24/21,,UNC,253,Orange UMass,1477,Waypoint,BS,"MH, MH",Lots of flow in beads
11,2,8/24/21,,UNC,254,Orange UMass,1478,Waypoint,"BE,BS","MH, MH",
11,2,8/24/21,,UNC,255,Orange UMass,1479,Waypoint,BE,"MH, MH",
11,2,8/24/21,,UNC,256,Orange UMass,1480,Waypoint,BS,"MH, MH","Was 255, missing a point somewhere."
11,2,8/24/21,,UNC,256,Orange UMass,1481,Waypoint,BE,"MH, MH",
11,2,8/24/21,10:56,UNC,10:56,Orange UMass,10:56,Track,,,
11,3,8/24/21,5:23,Blue Umass,5:23,Orange Umass,5:23,Track,,,
11,3,8/24/21,,Blue Umass,353,Orange UMass,1482,Waypoint,BS,"AJ, BS",
11,3,8/24/21,,Blue Umass,354,Orange UMass,1483,Waypoint,BE,"AJ, BS",waterfall
11,3,8/24/21,,Blue Umass,355,Orange UMass,1484,Waypoint,,"AJ, BS",waterfall
11,3,8/24/21,,Blue Umass,356,Orange UMass,1485,Waypoint,BS?,"AJ, BS",
11,3,8/24/21,,Blue Umass,357,Orange UMass,1486,Waypoint,BE,"AJ, BS",
11,3,8/24/21,,Blue Umass,358,Orange UMass,1487,Waypoint,BS?,"AJ, BS",
11,3,8/24/21,,Blue Umass,359,Orange UMass,1488,Waypoint,"BE,BS","AJ, BS",
11,3,8/24/21,,Blue Umass,360,Orange UMass,1489,Waypoint,BE,"AJ, BS",
11,3,8/24/21,,Blue Umass,361,Orange UMass,1490,Waypoint,,"AJ, BS",waterfall
11,3,8/24/21,,Blue Umass,362,Orange UMass,1491,Waypoint,,"AJ, BS",apex of curve
11,3,8/24/21,,Blue Umass,363,Orange UMass,1492,Waypoint,BS,"AJ, BS",
11,3,8/24/21,,Blue Umass,364,Orange UMass,1493,Waypoint,BE,"AJ, BS",
11,3,8/24/21,,Blue Umass,365,Orange UMass,1494,Waypoint,BE,"AJ, BS",
11,3,8/24/21,,Blue Umass,366,Orange UMass,1495,Waypoint,BS,"AJ, BS",we went backwards
11,3,8/24/21,,Blue Umass,367,Orange UMass,1496,Waypoint,BS,"AJ, BS",
11,3,8/24/21,,Blue Umass,368,Orange UMass,1497,Waypoint,BE,"AJ, BS",
12,2,8/25/21,11:44,UNC,267,Blue UMass,371,Waypoint,BS,"BS, MH",start of track
12,2,8/25/21,,UNC,268,Blue UMass,372,Waypoint,BE,"BS, MH",multichannel
12,2,8/25/21,,UNC,269,Blue UMass,373,Waypoint,BS,"BS, MH",
12,2,8/25/21,,UNC,270,Blue UMass,374,Waypoint,BE,"BS, MH",
12,2,8/25/21,,UNC,271,Blue UMass,375,Waypoint,BS,"BS, MH",
12,2,8/25/21,,UNC,272,Blue UMass,376,Waypoint,BE,"BS, MH",
12,2,8/25/21,,UNC,273,Blue UMass,377,Waypoint,BS,"BS, MH",
12,2,8/25/21,,UNC,274,Blue UMass,378,Waypoint,BE,"BS, MH",
12,2,8/25/21,,UNC,275,Blue UMass,379,Waypoint,BS,"BS, MH",
12,2,8/25/21,,UNC,276,Blue UMass,380,Waypoint,BE,"BS, MH",
12,2,8/25/21,,UNC,277,Blue UMass,381,Waypoint,BS,"BS, MH",
12,2,8/25/21,,UNC,278,Blue UMass,382,Waypoint,BE,"BS, MH",
12,2,8/25/21,,UNC,279,Blue UMass,383,Waypoint,BS,"BS, MH",standing water on right bank
12,2,8/25/21,,UNC,280,Blue UMass,384,Waypoint,BE,"BS, MH",
12,2,8/25/21,,UNC,281,Blue UMass,385,Waypoint,BS,"BS, MH",
12,2,8/25/21,,UNC,282,Blue UMass,386,Waypoint,BE,"BS, MH",
12,2,8/25/21,,UNC,283,Blue UMass,387,Waypoint,BS,"BS, MH",
12,2,8/25/21,,UNC,284,Blue UMass,388,Waypoint,BE,"BS, MH",
12,2,8/25/21,,UNC,285,Blue UMass,389,Waypoint,BS,"BS, MH",identical to next point?
12,2,8/25/21,,UNC,286,Blue UMass,390,Waypoint,BS,"BS, MH",
12,2,8/25/21,,UNC,287,Blue UMass,391,Waypoint,BE,"BS, MH",
12,2,8/25/21,,UNC,288,Blue UMass,392,Waypoint,BS,"BS, MH",long bead that might have a channel?
12,2,8/25/21,,UNC,289,Blue UMass,393,Waypoint,BE,"BS, MH",wide channel
12,2,8/25/21,,UNC,290,Blue UMass,394,Waypoint,BS,"BS, MH",
12,2,8/25/21,,UNC,291,Blue UMass,395,Waypoint,BE,"BS, MH",wide channel
12,2,8/25/21,,UNC,292,Blue UMass,396,Waypoint,BS,"BS, MH",
12,2,8/25/21,,UNC,293,Blue UMass,397,Waypoint,BE,"BS, MH",narrow channel
12,2,8/25/21,,UNC,294,Blue UMass,398,Waypoint,BS,"BS, MH",
12,2,8/25/21,,UNC,295,Blue UMass,399,Waypoint,BE,"BS, MH",narrow channel (and narrow if not marked wide?)
12,2,8/25/21,,UNC,296,Blue UMass,400,Waypoint,BS,"BS, MH",
12,2,8/25/21,,UNC,297,Blue UMass,401,Waypoint,BE,"BS, MH",
12,2,8/25/21,,UNC,298,Blue UMass,402,Waypoint,BS,"BS, MH",
12,2,8/25/21,,UNC,299,Blue UMass,403,Waypoint,BE,"BS, MH",
12,2,8/25/21,,UNC,300,Blue UMass,404,Waypoint,BS,"BS, MH",
12,2,8/25/21,,UNC,301,Blue UMass,405,Waypoint,BE,"BS, MH",end of track
12,2,8/25/21,12:03,UNC,12:03,Blue UMass,12:03,Track,,"BS, MH",
12,1,8/25/21,13:10,UNC,302,Blue UMass,406,Waypoint,BE,"BS, MH",start of track
12,1,8/25/21,,UNC,303,Blue UMass,407,Waypoint,,"BS, MH",start of big rocks ~2-3 ft diameter
12,1,8/25/21,,UNC,304,Blue UMass,408,Waypoint,,"BS, MH",waterfall
12,1,8/25/21,,UNC,305,Blue UMass,409,Waypoint,,"BS, MH",splits into two channels
12,1,8/25/21,,UNC,306,Blue UMass,410,Waypoint,BS,"BS, MH",
12,1,8/25/21,,UNC,307,Blue UMass,411,Waypoint,BS,"BS, MH",
12,1,8/25/21,,UNC,308,Blue UMass,412,Waypoint,BS,"BS, MH",
12,1,8/25/21,,UNC,309,Blue UMass,413,Waypoint,BE,"BS, MH",
12,1,8/25/21,,UNC,310,Blue UMass,414,Waypoint,BS,"BS, MH",
12,1,8/25/21,,UNC,311,Blue UMass,415,Waypoint,BE,"BS, MH",
12,1,8/25/21,,UNC,312,Blue UMass,416,Waypoint,BS,"BS, MH",
12,1,8/25/21,,UNC,313,Blue UMass,417,Waypoint,BE,"BS, MH",wider channel
12,1,8/25/21,,UNC,314,Blue UMass,418,Waypoint,BS,"BS, MH",
12,1,8/25/21,,UNC,315,Blue UMass,419,Waypoint,BE,"BS, MH",
12,1,8/25/21,,UNC,316,Blue UMass,420,Waypoint,BS,"BS, MH",
12,1,8/25/21,,UNC,317,Blue UMass,421,Waypoint,BE/BS,"BS, MH",
12,1,8/25/21,,UNC,318,Blue UMass,422,Waypoint,BE,"BS, MH",wider channel
12,1,8/25/21,,UNC,319,Blue UMass,423,Waypoint,BS,"BS, MH",
12,1,8/25/21,,UNC,320,Blue UMass,424,Waypoint,BE,"BS, MH",
12,1,8/25/21,,UNC,321,Blue UMass,425,Waypoint,BS,"BS, MH",
12,1,8/25/21,,UNC,322,Blue UMass,426,Waypoint,BE/BS,"BS, MH",
12,1,8/25/21,,UNC,323,Blue UMass,427,Waypoint,BE/BS,"BS, MH",
12,1,8/25/21,,UNC,324,Blue UMass,428,Waypoint,BE/BS,"BS, MH",
12,1,8/25/21,,UNC,325,Blue UMass,429,Waypoint,BE,"BS, MH",
12,1,8/25/21,,UNC,326,Blue UMass,430,Waypoint,BS,"BS, MH",
12,1,8/25/21,,UNC,327,Blue UMass,431,Waypoint,BE,"BS, MH",grassy
12,1,8/25/21,,UNC,328,Blue UMass,432,Waypoint,BS,"BS, MH",
12,1,8/25/21,,UNC,329,Blue UMass,433,Waypoint,BE,"BS, MH",
12,1,8/25/21,,UNC,330,Blue UMass,434,Waypoint,BS,"BS, MH",
12,1,8/25/21,,UNC,331,Blue UMass,435,Waypoint,BE,"BS, MH",
12,1,8/25/21,,UNC,332,Blue UMass,436,Waypoint,,"BS, MH",two channels
12,1,8/25/21,,UNC,333,Blue UMass,437,Waypoint,,"BS, MH",end of track
12,1,8/25/21,,UNC,13:29,Blue UMass,13:29,Track,,"BS, MH",
3,,8/26/21,15:15,UNC,336,Blue UMass,438,Waypoint,BS,"AJ, BS, TL",
3,,8/26/21,,UNC,337,Blue UMass,439,Waypoint,BE,"AJ, BS, TL",puddles on left bank
3,,8/26/21,,UNC,338,Blue UMass,440,Waypoint,BS,"AJ, BS, TL",
3,,8/26/21,,UNC,339,Blue UMass,441,Waypoint,"BE, BS","AJ, BS, TL",
3,,8/26/21,,UNC,340,Blue UMass,442,Waypoint,BE,"AJ, BS, TL",
3,,8/26/21,,UNC,341,Blue UMass,443,Waypoint,BS,"AJ, BS, TL",
3,,8/26/21,,UNC,342,Blue UMass,444,Waypoint,BE,"AJ, BS, TL",
3,,8/26/21,,UNC,343,Blue UMass,445,Waypoint,BS,"AJ, BS, TL",
3,,8/26/21,,UNC,344,Blue UMass,446,Waypoint,BE,"AJ, BS, TL",
3,,8/26/21,,UNC,345,Blue UMass,447,Waypoint,BS,"AJ, BS, TL",
3,,8/26/21,,UNC,346,Blue UMass,448,Waypoint,BE,"AJ, BS, TL",
3,,8/26/21,,UNC,347,Blue UMass,449,Waypoint,BS,"AJ, BS, TL",
3,,8/26/21,,UNC,348,Blue UMass,450,Waypoint,BE,"AJ, BS, TL",
3,,8/26/21,,UNC,349,Blue UMass,451,Waypoint,BS,"AJ, BS, TL",
3,,8/26/21,,UNC,350,Blue UMass,452,Waypoint,BE,"AJ, BS, TL",
3,,8/26/21,,UNC,351,Blue UMass,453,Waypoint,BS,"AJ, BS, TL",
3,,8/26/21,,UNC,352,Blue UMass,454,Waypoint,BE,"AJ, BS, TL",
3,,8/26/21,,UNC,353,Blue UMass,455,Waypoint,BS,"AJ, BS, TL",
3,,8/26/21,,UNC,354,Blue UMass,456,Waypoint,BE,"AJ, BS, TL",
3,,8/26/21,,UNC,355,Blue UMass,457,Waypoint,BS,"AJ, BS, TL",2m wide
3,,8/26/21,,UNC,356,Blue UMass,458,Waypoint,"BE, BS","AJ, BS, TL",
3,,8/26/21,,UNC,357,Blue UMass,459,Waypoint,"BE, BS","AJ, BS, TL",
3,,8/26/21,,UNC,358,Blue UMass,460,Waypoint,BE,"AJ, BS, TL",
3,,8/26/21,,UNC,359,Blue UMass,461,Waypoint,,"AJ, BS, TL",paused to look for bear spray
3,,8/26/21,,UNC,360,Blue UMass,464,Waypoint,BS,"AJ, BS, TL",
3,,8/26/21,,UNC,361,Blue UMass,465,Waypoint,"BE, BS","AJ, BS, TL",
3,,8/26/21,,UNC,362,Blue UMass,466,Waypoint,"BE, BS","AJ, BS, TL",
3,,8/26/21,,UNC,363,Blue UMass,467,Waypoint,BE,"AJ, BS, TL",
3,,8/26/21,,UNC,364,Blue UMass,468,Waypoint,BS,"AJ, BS, TL",
3,,8/26/21,,UNC,365,Blue UMass,469,Waypoint,"BE, BS","AJ, BS, TL",
3,,8/26/21,,UNC,366,Blue UMass,470,Waypoint,"BE, BS","AJ, BS, TL",chute is wide
3,,8/26/21,,UNC,367,Blue UMass,471,Waypoint,BE,"AJ, BS, TL",standing water on banks
3,,8/26/21,,UNC,368,Blue UMass,472,Waypoint,BS,"AJ, BS, TL",
3,,8/26/21,,UNC,369,Blue UMass,473,Waypoint,BE,"AJ, BS, TL",
3,,8/26/21,,UNC,370,Blue UMass,474,Waypoint,BS,"AJ, BS, TL",
3,,8/26/21,,UNC,371,Blue UMass,475,Waypoint,BE,"AJ, BS, TL",channel kinda round here
3,,8/26/21,,UNC,372,Blue UMass,476,Waypoint,BS,"AJ, BS, TL",
3,,8/26/21,,UNC,373,Blue UMass,477,Waypoint,BE,"AJ, BS, TL",
3,,8/26/21,,UNC,374,Blue UMass,478,Waypoint,,"AJ, BS, TL",multiple channels
3,,8/26/21,,UNC,375,Blue UMass,479,Waypoint,BS,"AJ, BS, TL",bead to side of channel
3,,8/26/21,,UNC,376,Blue UMass,480,Waypoint,BE,"AJ, BS, TL",
3,,8/26/21,,UNC,377,Blue UMass,481,Waypoint,,"AJ, BS, TL",multiple channels
3,,8/26/21,,UNC,378,Blue UMass,482,Waypoint,BS,"AJ, BS, TL",
3,,8/26/21,,UNC,379,Blue UMass,483,Waypoint,BE,"AJ, BS, TL",
3,,8/26/21,,UNC,380,Blue UMass,484,Waypoint,BS,"AJ, BS, TL",
3,,8/26/21,,UNC,381,Blue UMass,485,Waypoint,BE,"AJ, BS, TL",multiple channels
3,,8/26/21,,UNC,382,Blue UMass,486,Waypoint,BS,"AJ, BS, TL",
3,,8/26/21,,UNC,383,Blue UMass,487,Waypoint,BE,"AJ, BS, TL",
3,,8/26/21,,UNC,384,Blue UMass,488,Waypoint,BS,"AJ, BS, TL",
3,,8/26/21,,UNC,385,Blue UMass,489,Waypoint,BE,"AJ, BS, TL",
3,,8/26/21,,UNC,386,Blue UMass,490,Waypoint,BS,"AJ, BS, TL",
3,,8/26/21,,UNC,387,Blue UMass,491,Waypoint,BE,"AJ, BS, TL",
3,,8/26/21,,UNC,388,Blue UMass,492,Waypoint,BS,"AJ, BS, TL",
3,,8/26/21,,UNC,389,Blue UMass,493,Waypoint,BE,"AJ, BS, TL",
3,,8/26/21,,UNC,390,Blue UMass,494,Waypoint,BS,"AJ, BS, TL",
3,,8/26/21,,UNC,391,Blue UMass,495,Waypoint,BE,"AJ, BS, TL",
3,,8/26/21,,UNC,392,Blue UMass,496,Waypoint,BS,"AJ, BS, TL",
3,,8/26/21,,UNC,393,Blue UMass,497,Waypoint,BE,"AJ, BS, TL",
3,,8/26/21,,UNC,394,Blue UMass,498,Waypoint,BS,"AJ, BS, TL",
3,,8/26/21,,UNC,395,Blue UMass,499,Waypoint,BE,"AJ, BS, TL",
3,,8/26/21,,UNC,396,Blue UMass,500,Waypoint,BS,"AJ, BS, TL",
3,,8/26/21,,UNC,397,Blue UMass,501,Waypoint,BE,"AJ, BS, TL",
3,,8/26/21,,UNC,398,Blue UMass,502,Waypoint,BS,"AJ, BS, TL",small (3m diameter)
3,,8/26/21,,UNC,399,Blue UMass,503,Waypoint,BE,"AJ, BS, TL",multichannel
3,,8/26/21,,UNC,400,Blue UMass,504,Waypoint,BS,"AJ, BS, TL",
3,,8/26/21,,UNC,401,Blue UMass,505,Waypoint,BE,"AJ, BS, TL",
3,,8/26/21,,UNC,402,Blue UMass,506,Waypoint,BS,"AJ, BS, TL",
3,,8/26/21,,UNC,403,Blue UMass,507,Waypoint,BE,"AJ, BS, TL",
3,,8/26/21,,UNC,404,Blue UMass,508,Waypoint,BS,"AJ, BS, TL",
3,,8/26/21,,UNC,405,Blue UMass,509,Waypoint,BE,"AJ, BS, TL",
3,,8/26/21,,UNC,406,Blue UMass,510,Waypoint,BS,"AJ, BS, TL",football shape (2.5m wide)
3,,8/26/21,,UNC,407,Blue UMass,511,Waypoint,BE,"AJ, BS, TL",
3,,8/26/21,,UNC,408,Blue UMass,512,Waypoint,BS,"AJ, BS, TL",
3,,8/26/21,,UNC,409,Blue UMass,513,Waypoint,BE,"AJ, BS, TL",
3,,8/26/21,,UNC,410,Blue UMass,514,Waypoint,BS,"AJ, BS, TL",
3,,8/26/21,,UNC,411,Blue UMass,515,Waypoint,BE,"AJ, BS, TL",
3,,8/26/21,,UNC,412,Blue UMass,516,Waypoint,BS,"AJ, BS, TL",2m wide at widest
3,,8/26/21,,UNC,413,Blue UMass,517,Waypoint,BE,"AJ, BS, TL",
3,,8/26/21,16:15:05,UNC,16:15:05,Blue UMass,16:14:44,Track,,"AJ, BS, TL",41 beads
1,,8/26/21,15:09,Merritt Garmin watch and Strava,,Orange UMass,1499,Waypoint,BS,"MH, FK",start of track
1,,8/26/21,,Merritt Garmin watch and Strava,,Orange UMass,1500,Waypoint,BE,"MH, FK",
1,,8/26/21,,Merritt Garmin watch and Strava,,Orange UMass,1501,Waypoint,BS,"MH, FK",discard
1,,8/26/21,,Merritt Garmin watch and Strava,,Orange UMass,1502,Waypoint,BS,"MH, FK",
1,,8/26/21,,Merritt Garmin watch and Strava,,Orange UMass,1503,Waypoint,BE,"MH, FK",
1,,8/26/21,,Merritt Garmin watch and Strava,,Orange UMass,1504,Waypoint,BS,"MH, FK",
1,,8/26/21,,Merritt Garmin watch and Strava,,Orange UMass,1505,Waypoint,BE,"MH, FK",
1,,8/26/21,,Merritt Garmin watch and Strava,,Orange UMass,1506,Waypoint,BS,"MH, FK",
1,,8/26/21,,Merritt Garmin watch and Strava,,Orange UMass,1507,Waypoint,BE,"MH, FK",
1,,8/26/21,,Merritt Garmin watch and Strava,,Orange UMass,1508,Waypoint,BS,"MH, FK",
1,,8/26/21,,Merritt Garmin watch and Strava,,Orange UMass,1509,Waypoint,BE,"MH, FK",strava started
1,,8/26/21,,Merritt Garmin watch and Strava,,Orange UMass,1510,Waypoint,,"MH, FK",
1,,8/26/21,,Merritt Garmin watch and Strava,,Orange UMass,1511,Waypoint,BS,"MH, FK","end of narrow channel into mulit-channel, syill not bead"
1,,8/26/21,,Merritt Garmin watch and Strava,,Orange UMass,1512,Waypoint,BE,"MH, FK",
1,,8/26/21,,Merritt Garmin watch and Strava,,Orange UMass,1513,Waypoint,BS,"MH, FK",waterfall
1,,8/26/21,,Merritt Garmin watch and Strava,,Orange UMass,1514,Waypoint,BE,"MH, FK",mini-bead
1,,8/26/21,,Merritt Garmin watch and Strava,,Orange UMass,1515,Waypoint,BS,"MH, FK",transition
1,,8/26/21,,Merritt Garmin watch and Strava,,Orange UMass,1516,Waypoint,BE,"MH, FK",
1,,8/26/21,,Merritt Garmin watch and Strava,,Orange UMass,1517,Waypoint,BS,"MH, FK","long bead/ pool, some narrow spots but no defined shoot"
1,,8/26/21,,Merritt Garmin watch and Strava,,Orange UMass,1518,Waypoint,BE,"MH, FK",
1,,8/26/21,,Merritt Garmin watch and Strava,,Orange UMass,1519,Waypoint,BS,"MH, FK",tiny bead
1,,8/26/21,,Merritt Garmin watch and Strava,,Orange UMass,1520,Waypoint,BE/BS,"MH, FK",transition
1,,8/26/21,,Merritt Garmin watch and Strava,,Orange UMass,1521,Waypoint,BE,"MH, FK",
1,,8/26/21,,Merritt Garmin watch and Strava,,Orange UMass,1522,Waypoint,BS,"MH, FK",alluvial bead
1,,8/26/21,,Merritt Garmin watch and Strava,,Orange UMass,1523,Waypoint,BE,"MH, FK",
1,,8/26/21,,Merritt Garmin watch and Strava,,Orange UMass,1524,Waypoint,BS,"MH, FK",
1,,8/26/21,,Merritt Garmin watch and Strava,,Orange UMass,1525,Waypoint,BE,"MH, FK",
1,,8/26/21,,Merritt Garmin watch and Strava,,Orange UMass,1526,Waypoint,BS,"MH, FK",alluvial tiny bead
1,,8/26/21,,Merritt Garmin watch and Strava,,Orange UMass,1527,Waypoint,BE,"MH, FK",
1,,8/26/21,,Merritt Garmin watch and Strava,,Orange UMass,1528,Waypoint,BS,"MH, FK","narrow part in middle, not exactly channel"
1,,8/26/21,,Merritt Garmin watch and Strava,,Orange UMass,1529,Waypoint,BE,"MH, FK",
1,,8/26/21,,Merritt Garmin watch and Strava,,Orange UMass,1530,Waypoint,BS,"MH, FK",transition bead
1,,8/26/21,,Merritt Garmin watch and Strava,,Orange UMass,1531,Waypoint,BE,"MH, FK",
1,,8/26/21,,Merritt Garmin watch and Strava,,Orange UMass,1532,Waypoint,,"MH, FK",multi-channel
1,,8/26/21,,Merritt Garmin watch and Strava,,Orange UMass,1533,Waypoint,,"MH, FK",end of multi-channel
1,,8/26/21,,Merritt Garmin watch and Strava,,Orange UMass,1534,Waypoint,BS,"MH, FK",start of transition bead
1,,8/26/21,,Merritt Garmin watch and Strava,,Orange UMass,1535,Waypoint,BE,"MH, FK",
1,,8/26/21,,Merritt Garmin watch and Strava,,Orange UMass,1536,Waypoint,BS,"MH, FK",tiny bead
1,,8/26/21,,Merritt Garmin watch and Strava,,Orange UMass,1537,Waypoint,BE,"MH, FK",
1,,8/26/21,,Merritt Garmin watch and Strava,,Orange UMass,1538,Waypoint,BS,"MH, FK",
1,,8/26/21,,Merritt Garmin watch and Strava,,Orange UMass,1539,Waypoint,BE/BS,"MH, FK",into wider chanel
1,,8/26/21,,Merritt Garmin watch and Strava,,Orange UMass,1540,Waypoint,BE/BS,"MH, FK",
1,,8/26/21,,Merritt Garmin watch and Strava,,Orange UMass,1541,Waypoint,BE/BS,"MH, FK",
1,,8/26/21,,Merritt Garmin watch and Strava,,Orange UMass,1542,Waypoint,BE,"MH, FK",
1,,8/26/21,,Merritt Garmin watch and Strava,,Orange UMass,1543,Waypoint,BS,"MH, FK",
1,,8/26/21,,Merritt Garmin watch and Strava,,Orange UMass,1544,Waypoint,BE/BS,"MH, FK",transitional bead
1,,8/26/21,,Merritt Garmin watch and Strava,,Orange UMass,1545,Waypoint,BE/BS,"MH, FK",
1,,8/26/21,,Merritt Garmin watch and Strava,,Orange UMass,1546,Waypoint,BE,"MH, FK",
1,,8/26/21,,Merritt Garmin watch and Strava,,Orange UMass,1547,Waypoint,,"MH, FK",multi-channel
1,,8/26/21,,Merritt Garmin watch and Strava,,Orange UMass,1548,Waypoint,,"MH, FK",end of multi-channel
1,,8/26/21,,Merritt Garmin watch and Strava,,Orange UMass,1549,Waypoint,BS,"MH, FK",
1,,8/26/21,,Merritt Garmin watch and Strava,,Orange UMass,1550,Waypoint,BE,"MH, FK",multi-channel
1,,8/26/21,,Merritt Garmin watch and Strava,,Orange UMass,1551,Waypoint,BS,"MH, FK",end of multi-channel
1,,8/26/21,,Merritt Garmin watch and Strava,,Orange UMass,1552,Waypoint,BE/BS,"MH, FK",transitional bead
1,,8/26/21,,Merritt Garmin watch and Strava,,Orange UMass,1553,Waypoint,BE,"MH, FK",
1,,8/26/21,,Merritt Garmin watch and Strava,,Orange UMass,1554,Waypoint,BS,"MH, FK",wider alluvial bead
1,,8/26/21,,Merritt Garmin watch and Strava,,Orange UMass,1555,Waypoint,BE/BS,"MH, FK",
1,,8/26/21,,Merritt Garmin watch and Strava,,Orange UMass,1556,Waypoint,BE/BS,"MH, FK",grassy on side of LB
1,,8/26/21,,Merritt Garmin watch and Strava,,Orange UMass,1557,Waypoint,BE,"MH, FK",
1,,8/26/21,,Merritt Garmin watch and Strava,,Orange UMass,1558,Waypoint,BS,"MH, FK",alluvial bead into wider with islands
1,,8/26/21,,Merritt Garmin watch and Strava,,Orange UMass,1559,Waypoint,BE/BS,"MH, FK",
1,,8/26/21,,Merritt Garmin watch and Strava,,Orange UMass,1560,Waypoint,BE,"MH, FK","wide channel, with super large bead"
1,,8/26/21,,Merritt Garmin watch and Strava,,Orange UMass,1561,Waypoint,BS,"MH, FK",
1,,8/26/21,,Merritt Garmin watch and Strava,,Orange UMass,1562,Waypoint,BE,"MH, FK",
1,,8/26/21,,Merritt Garmin watch and Strava,,Orange UMass,1563,Waypoint,BS,"MH, FK",
1,,8/26/21,,Merritt Garmin watch and Strava,,Orange UMass,1564,Waypoint,BE,"MH, FK",
1,,8/26/21,,Merritt Garmin watch and Strava,,Orange UMass,1565,Waypoint,BS,"MH, FK",
1,,8/26/21,,Merritt Garmin watch and Strava,,Orange UMass,1566,Waypoint,BE,"MH, FK",
1,,8/26/21,,Merritt Garmin watch and Strava,,Orange UMass,1567,Waypoint,BS,"MH, FK",
1,,8/26/21,,Merritt Garmin watch and Strava,,Orange UMass,1568,Waypoint,BE,"MH, FK","wider streams, very shallow bigger rocks, riffle pools but high velocity"
1,,8/26/21,,Merritt Garmin watch and Strava,,Orange UMass,1569,Waypoint,BS,"MH, FK",
1,,8/26/21,,Merritt Garmin watch and Strava,,Orange UMass,1570,Waypoint,BE,"MH, FK",
1,,8/26/21,,Merritt Garmin watch and Strava,,Orange UMass,1571,Waypoint,BS,"MH, FK",
1,,8/26/21,,Merritt Garmin watch and Strava,,Orange UMass,1572,Waypoint,BE,"MH, FK",
1,,8/26/21,,Merritt Garmin watch and Strava,,Orange UMass,1573,Waypoint,BS,"MH, FK",
1,,8/26/21,,Merritt Garmin watch and Strava,,Orange UMass,1574,Waypoint,BE,"MH, FK",multi-channel
1,,8/26/21,,Merritt Garmin watch and Strava,,Orange UMass,1575,Waypoint,BS,"MH, FK",end of multi-channel
1,,8/26/21,,Merritt Garmin watch and Strava,,Orange UMass,1576,Waypoint,BE/BS,"MH, FK",big bead
1,,8/26/21,,Merritt Garmin watch and Strava,,Orange UMass,1577,Waypoint,BE,"MH, FK",
1,,8/26/21,,Merritt Garmin watch and Strava,,Orange UMass,1578,Waypoint,BS,"MH, FK",
1,,8/26/21,,Merritt Garmin watch and Strava,,Orange UMass,1579,Waypoint,BE,"MH, FK",
1,,8/26/21,,Merritt Garmin watch and Strava,,Orange UMass,1580,Waypoint,BS,"MH, FK",
1,,8/26/21,,Merritt Garmin watch and Strava,,Orange UMass,1581,Waypoint,BE,"MH, FK",
1,,8/26/2002,16:29,Merritt Garmin watch and Strava,,Orange UMass,16:29,track,,,"end of garmin, strava and etrex"